{
  "name": "peity",
  "title": "Peity",
  "version": "2.0.3",
  "author": {
    "name": "Ben Pickles",
    "url": "https://github.com/benpickles"
  },
  "bugs": "https://github.com/benpickles/peity/issues",
  "demo": "http://benpickles.github.io/peity/",
  "dependencies": {
    "jquery": ">=1.6.2"
  },
  "description": "Progressive <svg> bar, line and pie charts.",
  "docs": "http://benpickles.github.io/peity/",
  "homepage": "http://benpickles.github.io/peity/",
  "keywords": [
    "chart",
    "graph",
    "sparkline",
    "svg"
  ],
  "licenses": [
    {
      "type": "MIT",
      "url": "http://opensource.org/licenses/MIT"
    }
  ]
}
