{
  "name": "textresizer",
  "title": "jQuery Text Resizer",
  "description": "The jQuery Text Resizer Plugin allows you to create controls for changing the font size of one or more elements on a page. It gives your users a fine degree of control over font sizes. It is flexible in that it lets you specify exactly how to resize text, how it should be styled (via CSS or CSS3), where in your page it should be resized, and how the font size controls are to be structured. The plugin works in tandem with the jQuery Cookie plugin so that it's able to remember the user's settings on their next visit (if they have cookies enabled, of course).",
  "keywords": ["text", "font", "resize", "resizer", "size", "sizer", "typography", "css", "css3", "effect", "ui"],
  "version": "1.1.0",
  "author": {
    "name": "Mario J Vargas",
    "url": "http://www.angstrey.com"
  },
  "maintainers": [
    {
      "name": "Mario J Vargas",
      "url": "http://www.angstrey.com"
    }
  ],
  "repository": {
  	"type": "git",
  	"url": "https://github.com/mariojvargas/jquery-textresizer"
  },
  "licenses": [
    {
      "type": "MIT",
      "url": "https://github.com/mariojvargas/jquery-textresizer/blob/master/MIT-LICENSE.txt"
    }
  ],
  "dependencies": {
    "jquery": ">=1.3",
    "cookie": ">=1.0"
  },
  "homepage": "http://angstrey.com/index.php/projects/jquery-text-resizer-plugin/",
  "docs": "http://angstrey.com/index.php/projects/jquery-text-resizer-plugin/",
  "demo": "http://angstrey.com/index.php/projects/jquery-text-resizer-plugin/",
  "download": "http://angstrey.com/index.php/projects/jquery-text-resizer-plugin/"
}