{
  "name": "age",
  "title": "jQuery Age",
  "description": "Age is a jQuery plugin that formats and tracks dates and times as human readable text.",
  "keywords": ["time","age"],
  "version": "1.2.0",
  "author": {
    "name": "Kevin Sylvestre",
    "email": "kevin@ksylvest.com",
    "url": "http://ksylvest.com/"
  },
  "licenses": 
  [
    {
      "type": "MIT",
      "url": "https://github.com/ksylvest/jquery-age/LICENSE"
    }
  ],
  "bugs": "https://github.com/ksylvest/jquery-age/issues",
  "docs": "https://ksylvest.github.com/jquery-age",
  "homepage": "https://ksylvest.github.com/jquery-age",
  "download": "https://ksylvest.github.com/jquery-age",
  "dependencies": 
  {
    "jquery": ">1.5"
  }
}
